{"window":168,"horizon":24,"features":["load","temp","hour_sin","hour_cos","dow_sin","dow_cos","is_weekend","is_holiday"],"default_region":"PJME","regions":{"PJME":"PJM East","COMED":"Commonwealth Edison","DAYTON":"Dayton"},"scalers":{"PJME":{"load_mean":48898.968828006095,"load_std":23444.563896652322,"temp_mean":12.418296423135464,"temp_std":10.974126577347933},"COMED":{"load_mean":19779.488679604263,"load_std":11032.031172810026,"temp_mean":11.381871765601216,"temp_std":10.594436370005347},"DAYTON":{"load_mean":3398.9683904109593,"load_std":1706.3257158497127,"temp_mean":12.73315601217656,"temp_std":11.034006258939487}},"z_thresh":3.0}