{"window":168,"horizon":24,"features":["load","temp","hour_sin","hour_cos","dow_sin","dow_cos","is_weekend","is_holiday"],"default_region":"PJME","regions":{"PJME":"PJM East","COMED":"Commonwealth Edison","DAYTON":"Dayton"},"scalers":{"PJME":{"load_mean":31233.425524635037,"load_std":6478.215931888639,"temp_mean":13.247475669099757,"temp_std":10.263047194549062},"COMED":{"load_mean":11219.893647354014,"load_std":2226.8788025102326,"temp_mean":10.15883135644769,"temp_std":10.659397860328655},"DAYTON":{"load_mean":1997.9781782238442,"load_std":380.44499828730807,"temp_mean":12.385751216545014,"temp_std":10.631410128833023}},"z_thresh":3.0}