{"PJME":{"label":"PJM East","models":{"CNN-BiLSTM":{"mae":3117.211493483719,"rmse":4965.4848096944925,"mape":7.1392773559468825,"r2":0.8990950231263014},"XGBoost":{"mae":2995.1124772890266,"rmse":4707.492094226192,"mape":6.919996851521643,"r2":0.909308106244329},"Seasonal-Naive":{"mae":7079.805272819896,"rmse":11013.750355098218,"mape":15.121049075572406,"r2":0.5035680456379312}},"per_horizon_mae":{"CNN-BiLSTM":[903.7014600900728,1038.6735196974416,1241.0152701585857,1421.9511146062907,1608.5116251736777,1847.656213692387,2128.401713794198,2429.4176176516385,2678.5350963611536,2902.0272561625625,3101.566034939153,3290.0521283747366,3467.6590119987304,3635.85976352889,3780.9289609734333,3927.5578092061132,4061.386510261954,4177.169754934841,4277.5136366903025,4394.618272611034,4492.8495217875625,4577.942267152165,4679.318975481507,4748.76230828083],"XGBoost":[1048.087943776351,1263.4460663508528,1468.1036672186422,1661.2120140020122,1849.3298756258384,2034.65493731135,2232.9248260229015,2434.353827421306,2669.9747770637696,2867.663550076059,3028.089594088372,3174.4701820920372,3320.5354504539573,3461.925983000551,3583.6312632504073,3692.01482323807,3790.1874169042258,3884.356891484405,3950.821119127899,4003.736097927247,4057.184713671426,4098.630827184745,4138.962622622413,4168.4009850218],"Seasonal-Naive":[7046.918701265451,7050.873109758289,7055.229394493819,7058.852659963109,7063.263372430769,7067.088841360435,7070.879258471277,7074.2292391571245,7077.829698953742,7080.687307232776,7083.452830421737,7086.111626820621,7087.647348271608,7088.788820698783,7089.358809424708,7089.982266912611,7090.157564560176,7090.586042679786,7091.143995993436,7091.986598373419,7093.1809062380225,7094.222952699789,7095.597943716462,7097.257257779561]}},"COMED":{"label":"Commonwealth Edison","models":{"CNN-BiLSTM":{"mae":1617.3093673766489,"rmse":2516.428808481546,"mape":9.538853640163056,"r2":0.8943577725396165},"XGBoost":{"mae":1463.738336444434,"rmse":2238.2561138592123,"mape":8.612556790645822,"r2":0.9164228010680217},"Seasonal-Naive":{"mae":3227.1106155880934,"rmse":4733.7443631217775,"mape":18.631206965840292,"r2":0.6261668115947902}},"per_horizon_mae":{"CNN-BiLSTM":[419.00778264915317,483.73628723214716,602.9599877939045,717.1705575389577,831.5196994066513,956.7037468146619,1093.524736620083,1239.5488497411304,1373.339250943998,1494.1956346832778,1605.4279860017307,1711.6860227105992,1803.797389389044,1891.5643149127718,1972.3282203542724,2049.306698174438,2128.7509882595405,2194.4431305808916,2255.991485022548,2317.760619696094,2366.599910222876,2403.4369618425703,2440.6885174553527,2461.9360389928793],"XGBoost":[488.18558243400247,577.7473419645638,672.4591153818512,764.6199269468367,854.4583385112231,945.3108694325831,1039.7968570333462,1142.3722370655064,1260.0284159475013,1358.2196483326945,1455.7883707838253,1546.0257509874173,1633.5326207059697,1710.1839586040808,1776.8934086148608,1834.9599352040113,1883.9425309438184,1924.8258389304451,1963.203780782867,1998.2062352898022,2032.3837939284688,2060.9251166709587,2088.7543624345712,2116.8960377352137],"Seasonal-Naive":[3214.94519927265,3215.836038749581,3216.6186952017056,3217.66545660005,3218.946138966079,3220.2254798219506,3221.4809036927463,3222.7369790418984,3223.721666586815,3224.4494165703454,3225.325365247101,3226.225135086779,3226.9879370762865,3227.709726996694,3228.289681039491,3229.0165497212174,3230.0576765148885,3231.4096696531237,3232.975863672025,3234.686672411005,3236.660416953634,3239.0204971447993,3241.46794823807,3244.1956598553083]}},"DAYTON":{"label":"Dayton","models":{"CNN-BiLSTM":{"mae":302.3738860070241,"rmse":496.5822498134459,"mape":8.808435902745178,"r2":0.8878281197291882},"XGBoost":{"mae":268.4417077051477,"rmse":415.05990622443943,"mape":8.140177091828592,"r2":0.9216348113432671},"Seasonal-Naive":{"mae":674.6389974172779,"rmse":980.2196241665075,"mape":20.483830802808527,"r2":0.5629326125537908}},"per_horizon_mae":{"CNN-BiLSTM":[71.49634289695824,85.72395008302091,107.47146207576239,127.99229298390937,150.06536392673948,176.78848978951316,205.29329425523727,234.45920989393684,259.57257971392596,282.05493568780093,302.10188695250366,321.122652076496,338.5778346794599,355.3739629404076,370.5918447158948,383.4920668801205,397.9005609105126,410.6615780954299,422.96219275618205,435.476754963101,444.81102427800255,451.87823860633415,458.7103096730593,462.3944353342696],"XGBoost":[88.38014803119161,104.42236576102255,122.10849287940333,139.91346342438433,156.47499060493723,173.25291614232734,191.6590514879384,212.36908356683745,236.25699508743023,256.5718864069537,274.5176990723966,290.79409919876207,304.41977638721283,316.45728867846276,327.6262715618562,336.61219204500196,344.7071636838902,351.8191439422806,357.6844533420971,363.56541747578996,368.5954075173977,372.21019672643826,374.81083661068806,377.3716452888439],"Seasonal-Naive":[674.0010502304598,673.9584669447256,673.8525067786688,673.7601533818857,673.7073170788766,673.7103642514493,673.7418130543462,673.803465042319,673.9097125578676,674.0642928521539,674.2740858669434,674.5013377203161,674.71875814114,674.9142544952193,675.0497661808433,675.1444959483324,675.2003219914463,675.2021617721259,675.2614757088968,675.3790878582475,675.5373668268569,675.6970831745655,675.882364854268,676.0642353027157]}}}