{"PJME":{"label":"PJM East","models":{"CNN-BiLSTM":{"mae":1700.8703990188628,"rmse":2450.7012698152903,"mape":5.348111871428467,"r2":0.861151721313839},"XGBoost":{"mae":1355.148953640299,"rmse":1947.106270237601,"mape":4.209101802828654,"r2":0.9123525956389619},"Seasonal-Naive":{"mae":3756.6377720339524,"rmse":5027.980718426899,"mape":11.60527178820726,"r2":0.415550548156268}},"per_horizon_mae":{"CNN-BiLSTM":[453.08952365139766,571.429967586277,735.1233213520726,900.3991188313709,1051.488605088072,1188.5002340908004,1321.000961043701,1436.436215866121,1536.808045543749,1633.0040823790207,1725.2671544430882,1817.6256177603868,1899.6977741928729,1977.997000197444,2049.3899833070072,2112.7519157303036,2166.015302283769,2219.0773288669106,2263.178016331012,2304.075008899938,2339.606945840513,2363.499691119807,2377.2193621511824,2378.2083998958933],"XGBoost":[500.9296048577207,612.8385506413938,708.3076715967835,802.7075846915087,900.495564615044,995.0197937607696,1078.8893236645606,1158.8948797685716,1237.5248087635218,1305.309306866863,1369.516715055404,1432.2789550874736,1493.720293279126,1545.3038988458502,1593.1407024070218,1632.939497998636,1668.2703019546955,1699.7877735048105,1728.6487433886177,1755.112840740475,1784.1256024285613,1812.740536524148,1837.2671716446487,1869.8047652809687],"Seasonal-Naive":[3735.4943519050353,3736.9718552556,3738.5858701895463,3740.373348650201,3742.3143787095537,3744.2521539345203,3746.187057246793,3748.0874976067394,3749.942370285277,3751.718361095156,3753.4263833046143,3755.21175569596,3757.0490139766416,3758.8602335822325,3760.706490522688,3762.591039632395,3764.535707447827,3766.5010530346544,3768.7158721041546,3771.052268811028,3773.3727742676624,3775.6392877656517,3777.799540493969,3779.9178632969556]}},"COMED":{"label":"Commonwealth Edison","models":{"CNN-BiLSTM":{"mae":667.3016242783758,"rmse":1004.7023506469161,"mape":5.632487312799618,"r2":0.8191100360108079},"XGBoost":{"mae":528.4059340615577,"rmse":789.2169283587616,"mape":4.520785296686757,"r2":0.8883824668942062},"Seasonal-Naive":{"mae":1366.4105159869807,"rmse":1925.396230291201,"mape":11.529251544466549,"r2":0.3356761109097325}},"per_horizon_mae":{"CNN-BiLSTM":[182.40881957657237,229.55752024174924,290.4397922948976,348.8330100561818,400.06434421294637,446.63809627713357,493.0764169972358,538.0419589997068,580.9514787919718,622.7006410572827,662.1546709154521,700.3540171813672,735.6084344298954,767.4124219011763,799.1981637521241,827.3346312097633,854.3828438180584,878.9144361665051,901.9900820850984,922.5308475395785,942.4135523428525,957.2649536717105,966.2800164424481,966.6878327193124],"XGBoost":[214.84361378981788,256.51621985613514,294.29252758606765,333.7317967291607,374.2118075811016,411.02840230037214,443.9075271223734,472.59784116677434,497.3953218673715,520.7307008775788,542.4978455045591,560.8415742830689,577.6750106387912,592.8255448594258,608.1022070910815,622.8069168783206,636.7509427202997,649.1270585780442,657.8319795518321,665.8197155871566,674.0823140473925,683.5919119571786,690.0135325797554,700.5201043237244],"Seasonal-Naive":[1364.0959218839748,1364.3118897185525,1364.557342523454,1364.7784798008806,1365.0518858893356,1365.368753589891,1365.65575339843,1365.8958452996362,1366.092475588742,1366.2176909821942,1366.289105877848,1366.3340991767184,1366.4175761056863,1366.5533218456826,1366.7084051311506,1366.865211564235,1367.0034462952326,1367.1815048822516,1367.3928776565192,1367.6791116216734,1367.9682174995214,1368.2301359372009,1368.4851617844151,1368.7181696343098]}},"DAYTON":{"label":"Dayton","models":{"CNN-BiLSTM":{"mae":108.56932558189575,"rmse":152.56261891408585,"mape":5.376565371127312,"r2":0.8429143097077803},"XGBoost":{"mae":89.07591177248774,"rmse":124.95197754080039,"mape":4.382249931734657,"r2":0.8946276606217195},"Seasonal-Naive":{"mae":231.44256174612292,"rmse":293.85021368411583,"mape":11.379597898015248,"r2":0.41723645564001244}},"per_horizon_mae":{"CNN-BiLSTM":[31.378260116387253,39.76520802576196,50.03475414015383,59.703648665981596,68.30224303205922,76.49168052140173,84.28914404381013,91.48942073651847,97.83071299346041,103.85586756443854,109.70390376792702,115.41451144670359,120.4143603487579,125.03547655894751,129.0252577102255,132.81638844077577,136.43620988296956,140.04317166297207,143.28982053724212,146.54078431543024,149.0193621558566,150.743597233316,151.78697038358732,152.25305968081383],"XGBoost":[34.790754820363354,41.996572074912045,49.005127280328594,55.660351637289395,62.35880963893177,69.0227427065384,74.8113099137828,79.91339262075495,84.77934277698999,89.60237669940199,93.89484751564594,97.71656815968733,100.60436555970885,103.25941738688852,105.52490468091854,107.23065796716446,108.58266029891077,109.74887065679297,110.49506740581023,110.84360906873744,111.330030960939,111.7815174188236,112.14987948624174,112.71870580414303],"Seasonal-Naive":[230.53360137851809,230.63411832280298,230.7363584147042,230.8265364732912,230.91211947156808,230.99176718361096,231.06394792264982,231.13574573999617,231.20084242772353,231.26440742868084,231.33237602910205,231.40896036760483,231.4922458357266,231.55964005360903,231.6170783074861,231.6731763354394,231.73157189354777,231.79877465058397,231.8812942753207,231.98372582806817,232.0867317633544,232.17863296955773,232.25560022975301,232.32222860425043]}}}